{
  "macd_bull": {
    "total": 273,
    "periods": {
      "3": {
        "win_rate": 49.08424908424908,
        "avg_return": 0.5492446227843852,
        "avg_drawdown": 4.174782468842088,
        "max_return": 29.20117927839393,
        "max_loss": -16.490765171503956,
        "total": 273
      },
      "5": {
        "win_rate": 49.45054945054945,
        "avg_return": 0.8556920670873822,
        "avg_drawdown": 6.256109148628192,
        "max_return": 50.21048603138156,
        "max_loss": -30.48180924287119,
        "total": 273
      },
      "10": {
        "win_rate": 52.38095238095239,
        "avg_return": 4.875044287560065,
        "avg_drawdown": 9.640744286532266,
        "max_return": 79.83161117489476,
        "max_loss": -34.11996066863323,
        "total": 273
      },
      "30": {
        "win_rate": 55.793991416309005,
        "avg_return": 8.802030649915794,
        "avg_drawdown": 17.438121670632007,
        "max_return": 172.59475218658895,
        "max_loss": -35.310344827586206,
        "total": 233
      }
    }
  },
  "strong_stock": {
    "total": 39,
    "periods": {
      "3": {
        "win_rate": 46.15384615384615,
        "avg_return": 0.051793446031931596,
        "avg_drawdown": 3.6529101078179838,
        "max_return": 29.222520107238616,
        "max_loss": -10.444764748275503,
        "total": 39
      },
      "5": {
        "win_rate": 43.58974358974359,
        "avg_return": -0.5656258346858732,
        "avg_drawdown": 5.885457918668515,
        "max_return": 42.62734584450403,
        "max_loss": -11.877516087108132,
        "total": 39
      },
      "10": {
        "win_rate": 51.28205128205128,
        "avg_return": 2.3946810942138037,
        "avg_drawdown": 8.977227096350953,
        "max_return": 47.58713136729222,
        "max_loss": -26.819726140224443,
        "total": 39
      },
      "30": {
        "win_rate": 56.666666666666664,
        "avg_return": 5.5917229329642,
        "avg_drawdown": 16.618177418768827,
        "max_return": 78.28418230563004,
        "max_loss": -42.65417481725522,
        "total": 30
      }
    }
  },
  "td_sequential": {
    "total": 108,
    "periods": {
      "3": {
        "win_rate": 48.148148148148145,
        "avg_return": 0.6973220968081639,
        "avg_drawdown": 3.2606283037118917,
        "max_return": 37.99192734611504,
        "max_loss": -14.366901568538303,
        "total": 108
      },
      "5": {
        "win_rate": 50.92592592592593,
        "avg_return": 1.2029187364315188,
        "avg_drawdown": 4.72890493195215,
        "max_return": 65.01971090670172,
        "max_loss": -17.526771780659754,
        "total": 108
      },
      "10": {
        "win_rate": 50.0,
        "avg_return": 2.84449711744154,
        "avg_drawdown": 8.094922086007335,
        "max_return": 92.27332457293036,
        "max_loss": -17.241564871118776,
        "total": 108
      },
      "30": {
        "win_rate": 55.55555555555556,
        "avg_return": 16.03383726314934,
        "avg_drawdown": 14.678090338749005,
        "max_return": 274.5072273324573,
        "max_loss": -24.526714345814042,
        "total": 90
      }
    }
  },
  "right_side": {
    "total": 131,
    "periods": {
      "3": {
        "win_rate": 54.19847328244275,
        "avg_return": 0.7428654648609347,
        "avg_drawdown": 3.7154158690492953,
        "max_return": 33.164300202839776,
        "max_loss": -14.996937614839442,
        "total": 131
      },
      "5": {
        "win_rate": 52.67175572519084,
        "avg_return": 1.158330378408756,
        "avg_drawdown": 5.457160689486698,
        "max_return": 42.62734584450403,
        "max_loss": -16.20553359683795,
        "total": 131
      },
      "10": {
        "win_rate": 54.961832061068705,
        "avg_return": 3.892301877190707,
        "avg_drawdown": 8.712070181222703,
        "max_return": 59.795454545454554,
        "max_loss": -26.819726140224443,
        "total": 131
      },
      "30": {
        "win_rate": 51.0,
        "avg_return": 8.291709614759093,
        "avg_drawdown": 16.503556754895996,
        "max_return": 183.70607028753997,
        "max_loss": -42.65417481725522,
        "total": 100
      }
    }
  },
  "rsi_oversold": {
    "total": 3,
    "periods": {
      "3": {
        "win_rate": 33.33333333333333,
        "avg_return": -0.9965878839714944,
        "avg_drawdown": 3.9528109741230963,
        "max_return": 0.3448275862068845,
        "max_loss": -3.0918727915194313,
        "total": 3
      },
      "5": {
        "win_rate": 66.66666666666666,
        "avg_return": 2.3569931058506337,
        "avg_drawdown": 3.9528109741230963,
        "max_return": 4.126213592233007,
        "max_loss": -0.5300353356890503,
        "total": 3
      },
      "10": {
        "win_rate": 100.0,
        "avg_return": 4.14706737561901,
        "avg_drawdown": 3.9528109741230963,
        "max_return": 4.9469964664310995,
        "max_loss": 3.276699029126209,
        "total": 3
      },
      "30": {
        "win_rate": 100.0,
        "avg_return": 19.05339805825243,
        "avg_drawdown": 13.254203758654798,
        "max_return": 19.05339805825243,
        "max_loss": 19.05339805825243,
        "total": 1
      }
    }
  },
  "bollinger_bands": {
    "total": 128,
    "periods": {
      "3": {
        "win_rate": 56.25,
        "avg_return": 1.387556540076389,
        "avg_drawdown": 2.2295288872732297,
        "max_return": 35.100606834877034,
        "max_loss": -10.644067796610171,
        "total": 128
      },
      "5": {
        "win_rate": 53.90625,
        "avg_return": 1.4381693304667063,
        "avg_drawdown": 3.459868507557289,
        "max_return": 37.591823698498885,
        "max_loss": -13.400464756003103,
        "total": 128
      },
      "10": {
        "win_rate": 64.0625,
        "avg_return": 4.2353574152254305,
        "avg_drawdown": 5.400870374840043,
        "max_return": 60.172468859789205,
        "max_loss": -9.250714128762912,
        "total": 128
      },
      "30": {
        "win_rate": 64.8,
        "avg_return": 11.65189719069272,
        "avg_drawdown": 11.284715083476993,
        "max_return": 309.3264248704663,
        "max_loss": -20.604182804027886,
        "total": 125
      }
    }
  },
  "volume_breakout": {
    "total": 49,
    "periods": {
      "3": {
        "win_rate": 48.97959183673469,
        "avg_return": -0.3597661362651791,
        "avg_drawdown": 3.899916127248833,
        "max_return": 16.869983948635642,
        "max_loss": -13.707490089714167,
        "total": 49
      },
      "5": {
        "win_rate": 44.89795918367347,
        "avg_return": 0.13678467235747968,
        "avg_drawdown": 5.2498850098175875,
        "max_return": 32.18298555377207,
        "max_loss": -10.12306470821755,
        "total": 49
      },
      "10": {
        "win_rate": 55.10204081632652,
        "avg_return": 3.4844542170114083,
        "avg_drawdown": 8.684041046026348,
        "max_return": 52.56810529537803,
        "max_loss": -15.009715025906731,
        "total": 49
      },
      "30": {
        "win_rate": 55.26315789473685,
        "avg_return": 5.886119777590583,
        "avg_drawdown": 16.19239354248084,
        "max_return": 66.29213483146069,
        "max_loss": -17.38785232235015,
        "total": 38
      }
    }
  },
  "chanlun_strict": {
    "total": 277,
    "periods": {
      "3": {
        "win_rate": 54.87364620938629,
        "avg_return": 0.737258248919877,
        "avg_drawdown": 3.0084204653129376,
        "max_return": 36.078360239434055,
        "max_loss": -24.849442195675785,
        "total": 277
      },
      "5": {
        "win_rate": 48.375451263537904,
        "avg_return": 1.19286591764026,
        "avg_drawdown": 4.518494510103361,
        "max_return": 36.96854146806483,
        "max_loss": -20.969493533418905,
        "total": 277
      },
      "10": {
        "win_rate": 59.92779783393502,
        "avg_return": 3.923091501121494,