{
  "strong_stock": {
    "total": 280,
    "periods": {
      "3": {
        "win_rate": 52.68817204301075,
        "avg_return": 1.0801403983608484,
        "avg_drawdown": 3.4986278630664405,
        "max_return": 32.04315576534051,
        "max_loss": -22.599999999999998,
        "total": 279
      },
      "5": {
        "win_rate": 50.89605734767025,
        "avg_return": 1.4913153591354318,
        "avg_drawdown": 5.026144423138391,
        "max_return": 42.62734584450403,
        "max_loss": -20.400000000000002,
        "total": 279
      },
      "10": {
        "win_rate": 58.14814814814815,
        "avg_return": 3.4802060386633245,
        "avg_drawdown": 7.986329109968045,
        "max_return": 69.53955135773316,
        "max_loss": -31.610786424689834,
        "total": 270
      },
      "30": {
        "win_rate": 52.17391304347826,
        "avg_return": 7.785555833072868,
        "avg_drawdown": 15.360263433191298,
        "max_return": 119.46375372393247,
        "max_loss": -30.24645257654967,
        "total": 230
      }
    }
  }
}